{
  "0.0": {
    "a_sim": 2.0153326269269085,
    "k_peak": 3.117691453623979,
    "xi": 3.1622776601683795,
    "a_nm": 221.35943621178652,
    "in_visible": 1.0
  },
  "0.25": {
    "a_sim": 2.0153326269269085,
    "k_peak": 3.117691453623979,
    "xi": 3.7080992435478315,
    "a_nm": 259.56694704834814,
    "in_visible": 1.0
  },
  "0.5": {
    "a_sim": 2.0153326269269085,
    "k_peak": 3.117691453623979,
    "xi": 4.183300132670378,
    "a_nm": 292.83100928692636,
    "in_visible": 1.0
  },
  "0.75": {
    "a_sim": 2.0153326269269085,
    "k_peak": 3.117691453623979,
    "xi": 4.6097722286464435,
    "a_nm": 322.68405600525097,
    "in_visible": 1.0
  },
  "1.0": {
    "a_sim": 2.0153326269269085,
    "k_peak": 3.117691453623979,
    "xi": 5.0,
    "a_nm": 349.99999999999994,
    "in_visible": 1.0
  }
}